{
  "train_loss": [
    0.3375501771723085,
    0.2823528628137616,
    0.261352560377103,
    0.23176044303057694,
    0.2414512955285805,
    0.24083951719951774,
    0.21036746317592217,
    0.2047720085282896,
    0.1885776707245229,
    0.1749827266636426,
    0.18517032489909366,
    0.1820201397928822,
    0.15726188175027042,
    0.17384209648122279,
    0.16799650656898907
  ],
  "val_loss": [
    0.24342374932347682,
    0.197430171203195,
    0.20405965763748737,
    0.20445385658950135,
    0.2268796671900833,
    0.2639566218643858,
    0.19147616122898303,
    0.1922596748983651,
    0.18321792436273474,
    0.17027634826668522,
    0.17189632554848988,
    0.18779082716557016,
    0.15648091419747,
    0.1722271435616309,
    0.14401454977821884
  ],
  "train_acc": [
    0.8653122648607976,
    0.8976674191121143,
    0.8961625282167043,
    0.9119638826185101,
    0.90744920993228,
    0.9006772009029346,
    0.9247554552294959,
    0.9202407825432656,
    0.9307750188111362,
    0.9360421369450714,
    0.927012791572611,
    0.9390519187358917,
    0.9420617005267118,
    0.9322799097065463,
    0.9322799097065463
  ],
  "val_acc": [
    0.9298245614035088,
    0.9333333333333333,
    0.9263157894736842,
    0.9228070175438596,
    0.9368421052631579,
    0.8842105263157894,
    0.9298245614035088,
    0.9263157894736842,
    0.9368421052631579,
    0.9543859649122807,
    0.9333333333333333,
    0.9403508771929825,
    0.9508771929824561,
    0.9333333333333333,
    0.9578947368421052
  ],
  "lr": [
    0.001,
    0.001,
    0.001,
    0.001,
    0.001,
    0.001,
    0.0005,
    0.0005,
    0.0005,
    0.0005,
    0.0005,
    0.0005,
    0.0005,
    0.0005,
    0.0005
  ]
}