{
  "model_name": "baseline_cnn",
  "accuracy": 0.9475524475524476,
  "roc_auc": 0.012225536701061177,
  "per_class": {
    "fire": {
      "precision": 0.9507042253521126,
      "recall": 0.9440559440559441,
      "f1": 0.9473684210526315,
      "support": 143
    },
    "nofire": {
      "precision": 0.9444444444444444,
      "recall": 0.951048951048951,
      "f1": 0.9477351916376306,
      "support": 143
    }
  }
}