{
  "train_loss": [
    0.352484753631487,
    0.28739191347311277,
    0.23063387535652602,
    0.20499905257677117,
    0.19373909289268196,
    0.21508118120057856,
    0.20742885674230133,
    0.19158552133494341,
    0.18219891063829757,
    0.1669386902626427,
    0.13638986034936884,
    0.12122927083612116,
    0.11023183119328422,
    0.14927658985843328,
    0.1206826838623365
  ],
  "val_loss": [
    0.3013719356373737,
    0.26138341730101067,
    0.2161271539696476,
    0.22073839050635957,
    0.1871393710374832,
    0.2022266489371919,
    0.19248153243148536,
    0.22791966607696132,
    0.19510957190864964,
    0.17538035543341385,
    0.1735474663868285,
    0.20685486333412037,
    0.15924059806162852,
    0.1525669985695889,
    0.14901175598303476
  ],
  "train_acc": [
    0.8419864559819413,
    0.8863807373965388,
    0.9179834462001505,
    0.9209932279909706,
    0.9255079006772009,
    0.9142212189616253,
    0.9209932279909706,
    0.9255079006772009,
    0.9352896914973664,
    0.9413092550790068,
    0.9563581640331076,
    0.9563581640331076,
    0.9616252821670429,
    0.9413092550790068,
    0.9586155003762227
  ],
  "val_acc": [
    0.9157894736842105,
    0.9122807017543859,
    0.9368421052631579,
    0.9228070175438596,
    0.9368421052631579,
    0.9298245614035088,
    0.9368421052631579,
    0.9192982456140351,
    0.9508771929824561,
    0.9438596491228071,
    0.9578947368421052,
    0.9228070175438596,
    0.9473684210526315,
    0.9578947368421052,
    0.9578947368421052
  ],
  "lr": [
    0.001,
    0.001,
    0.001,
    0.001,
    0.001,
    0.001,
    0.001,
    0.001,
    0.001,
    0.0005,
    0.0005,
    0.0005,
    0.0005,
    0.0005,
    0.0005
  ]
}