{
  "model_name": "improved_cnn",
  "accuracy": 0.958041958041958,
  "roc_auc": 0.006063866203726347,
  "per_class": {
    "fire": {
      "precision": 0.958041958041958,
      "recall": 0.958041958041958,
      "f1": 0.958041958041958,
      "support": 143
    },
    "nofire": {
      "precision": 0.958041958041958,
      "recall": 0.958041958041958,
      "f1": 0.958041958041958,
      "support": 143
    }
  }
}