{
  "model_name": "mobilenetv2_frozen",
  "accuracy": 0.9895104895104895,
  "roc_auc": 0.0022494987529952555,
  "per_class": {
    "fire": {
      "precision": 0.9861111111111112,
      "recall": 0.993006993006993,
      "f1": 0.9895470383275261,
      "support": 143
    },
    "nofire": {
      "precision": 0.9929577464788732,
      "recall": 0.986013986013986,
      "f1": 0.9894736842105263,
      "support": 143
    }
  }
}