{
  "train_loss": [
    0.38136573670680046,
    0.16494598895019835,
    0.13453177904795668,
    0.1387520306109485,
    0.13085302729313764,
    0.12532568650083312,
    0.10580689146655049,
    0.10273899982260797,
    0.09978430847125093,
    0.0872370838394362,
    0.08503857868295402,
    0.0813031247722376,
    0.09534043518782918,
    0.08135130671970686,
    0.10459075602117654
  ],
  "val_loss": [
    0.18479555991657992,
    0.11590470831122315,
    0.11317821275769618,
    0.10897863713795679,
    0.09290117516852262,
    0.09200077835927929,
    0.09140892368659638,
    0.09693572840146851,
    0.09928177009549058,
    0.09259803765698484,
    0.09059838657839256,
    0.0894600583011644,
    0.10946251386613176,
    0.0789724540292171,
    0.07897389965099201
  ],
  "train_acc": [
    0.8322046651617758,
    0.9533483822422875,
    0.9548532731376975,
    0.9541008276899925,
    0.9593679458239278,
    0.9533483822422875,
    0.9623777276147479,
    0.9601203912716328,
    0.963130173062453,
    0.9744168547780286,
    0.963882618510158,
    0.9744168547780286,
    0.9661399548532731,
    0.9691497366440933,
    0.963882618510158
  ],
  "val_acc": [
    0.9368421052631579,
    0.9614035087719298,
    0.9543859649122807,
    0.9578947368421052,
    0.9719298245614035,
    0.9754385964912281,
    0.968421052631579,
    0.9649122807017544,
    0.968421052631579,
    0.9649122807017544,
    0.968421052631579,
    0.9614035087719298,
    0.9543859649122807,
    0.9754385964912281,
    0.9719298245614035
  ],
  "lr": [
    0.001,
    0.001,
    0.001,
    0.001,
    0.001,
    0.001,
    0.001,
    0.001,
    0.001,
    0.001,
    0.001,
    0.001,
    0.001,
    0.001,
    0.001
  ]
}