{
  "model_name": "resnet18_frozen",
  "accuracy": 0.972027972027972,
  "roc_auc": 0.001956085872169788,
  "per_class": {
    "fire": {
      "precision": 0.9856115107913669,
      "recall": 0.958041958041958,
      "f1": 0.9716312056737588,
      "support": 143
    },
    "nofire": {
      "precision": 0.9591836734693877,
      "recall": 0.986013986013986,
      "f1": 0.9724137931034482,
      "support": 143
    }
  }
}