{
  "train_loss": [
    0.45967951970857457,
    0.24382393430999744,
    0.21154133097581884,
    0.17151119811719662,
    0.15783110918004858,
    0.13351497361317355,
    0.143694556778629,
    0.13280775563397562,
    0.11918327693622124,
    0.14265148109560896,
    0.1286151108883484,
    0.17995440318586237,
    0.13511086483482493,
    0.12231240429382202,
    0.12184865458779447
  ],
  "val_loss": [
    0.19521132749423645,
    0.12793204162204475,
    0.10608881866199929,
    0.11292355834392079,
    0.08529131511847178,
    0.08565127925391783,
    0.07414321196183823,
    0.07412679668581276,
    0.07282000675536039,
    0.06451981648018486,
    0.08117063514757575,
    0.07748287733186755,
    0.06519481058706317,
    0.06591619352499643,
    0.06064464834175612
  ],
  "train_acc": [
    0.7832957110609481,
    0.9187358916478555,
    0.9224981188863808,
    0.944319036869827,
    0.9390519187358917,
    0.9593679458239278,
    0.9518434913468774,
    0.9495861550037622,
    0.9593679458239278,
    0.945823927765237,
    0.9510910458991723,
    0.9240030097817908,
    0.9495861550037622,
    0.9586155003762227,
    0.9518434913468774
  ],
  "val_acc": [
    0.968421052631579,
    0.9719298245614035,
    0.9789473684210527,
    0.968421052631579,
    0.9754385964912281,
    0.9754385964912281,
    0.9754385964912281,
    0.9754385964912281,
    0.9754385964912281,
    0.9754385964912281,
    0.9719298245614035,
    0.9754385964912281,
    0.9754385964912281,
    0.9789473684210527,
    0.9789473684210527
  ],
  "lr": [
    0.001,
    0.001,
    0.001,
    0.001,
    0.001,
    0.001,
    0.001,
    0.001,
    0.001,
    0.001,
    0.001,
    0.001,
    0.001,
    0.001,
    0.0005
  ]
}